<?xml version="1.0" encoding="UTF-8"?>
<bookstore>
   <book category="cooking">
       <titl lang="en"><b>Everyday Italian</b></titl>
       <author>Giada De Laurentiis</author>
       <year>2005</year>
       <price>30.00</price> </book>
   <book category="children">
       <titl lang="en"><b>Harry Potter</b></titl>
       <author>J K. Rowling</author>
       <year>2005</year>
       <price>29.99</price> </book>
   <book category="web">
       <titl lang="en"><b>XQuery Kick Start</b></titl>
       <author>James McGovern</author>
       <author>Per Bothner</author>
       <author>Kurt Cagle</author>
       <author>James Linn</author>
       <author>Vaidyanathan Nagarajan</author>
       <year>2003</year>
       <price>49.99</price> </book>
   <book category="web" cover="paperback">
       <titl lang="en"><b>Learning XML</b></titl>
       <author>Erik T. Ray</author>
       <year>2003</year>
       <price>39.95</price> </book>
</bookstore>
